{"cameraMode":{"drawMode":0,"name":"Shaded","section":"Shading Mode"},"sceneLighting":true,"audioPlay":false,"sceneViewState":{"showFog":true,"showMaterialUpdate":false,"showSkybox":true,"showFlares":true,"showImageEffects":true,"showParticleSystems":true},"in2DMode":false,"pivot":{"x":6.747830390930176,"y":3.6811742782592775,"z":22.15420913696289},"rotation":{"x":-0.08104392141103745,"y":-0.3253328800201416,"z":0.034459229558706287,"w":-0.9421057105064392},"size":7.675116062164307,"orthographic":false}