{"cameraMode":{"drawMode":0,"name":"Shaded","section":"Shading Mode"},"sceneLighting":false,"audioPlay":false,"sceneViewState":{"showFog":true,"showMaterialUpdate":false,"showSkybox":true,"showFlares":true,"showImageEffects":true,"showParticleSystems":true},"in2DMode":false,"pivot":{"x":-29.089599609375,"y":0.16008339822292329,"z":-27.30927276611328},"rotation":{"x":-0.1754344254732132,"y":-0.15066029131412507,"z":0.03387807309627533,"w":-0.9729154109954834},"size":3.0002808570861818,"orthographic":false}