{"cameraMode":{"drawMode":0,"name":"Shaded","section":"Shading Mode"},"sceneLighting":true,"audioPlay":false,"sceneViewState":{"showFog":true,"showMaterialUpdate":false,"showSkybox":true,"showFlares":true,"showImageEffects":true,"showParticleSystems":true},"in2DMode":false,"pivot":{"x":2.961216926574707,"y":7.105300426483154,"z":-15.171537399291993},"rotation":{"x":-0.08866305649280548,"y":0.5655375123023987,"z":-0.061319295316934589,"w":-0.8176698088645935},"size":11.374478340148926,"orthographic":false}