{"cameraMode":{"drawMode":0,"name":"Shaded","section":"Shading Mode"},"sceneLighting":true,"audioPlay":false,"sceneViewState":{"showFog":true,"showMaterialUpdate":false,"showSkybox":true,"showFlares":true,"showImageEffects":true,"showParticleSystems":true},"in2DMode":false,"pivot":{"x":-3.3716278076171877,"y":-1.5198678970336915,"z":-4.731359004974365},"rotation":{"x":-0.20415325462818147,"y":-0.4890514612197876,"z":0.1189102977514267,"w":-0.8396680355072022},"size":13.916728019714356,"orthographic":false}