{"cameraMode":{"drawMode":0,"name":"Shaded","section":"Shading Mode"},"sceneLighting":false,"audioPlay":false,"sceneViewState":{"showFog":true,"showMaterialUpdate":false,"showSkybox":false,"showFlares":true,"showImageEffects":true,"showParticleSystems":true},"in2DMode":false,"pivot":{"x":-1.7151851654052735,"y":1.007538080215454,"z":-0.7445759773254395},"rotation":{"x":-0.2832752764225006,"y":-0.0997142493724823,"z":0.03137649968266487,"w":-0.953643798828125},"size":8.530254364013672,"orthographic":false}