{"cameraMode":{"drawMode":0,"name":"Shaded","section":"Shading Mode"},"sceneLighting":true,"audioPlay":false,"sceneViewState":{"showFog":true,"showMaterialUpdate":false,"showSkybox":true,"showFlares":true,"showImageEffects":true,"showParticleSystems":true},"in2DMode":false,"pivot":{"x":5.0979461669921879,"y":2.3625051975250246,"z":14.526602745056153},"rotation":{"x":0.09171920269727707,"y":0.08163061738014221,"z":-0.011270991526544094,"w":0.9928843379020691},"size":24.18097686767578,"orthographic":false}