{"cameraMode":{"drawMode":0,"name":"Shaded","section":"Shading Mode"},"sceneLighting":false,"audioPlay":false,"sceneViewState":{"showFog":true,"showMaterialUpdate":false,"showSkybox":true,"showFlares":true,"showImageEffects":true,"showParticleSystems":true},"in2DMode":false,"pivot":{"x":16.27115821838379,"y":8.479803085327149,"z":-11.536884307861329},"rotation":{"x":0.21169935166835786,"y":-0.36381983757019045,"z":0.08498722314834595,"w":0.903285562992096},"size":34.718685150146487,"orthographic":false}