{"cameraMode":{"drawMode":0,"name":"Shaded","section":"Shading Mode"},"sceneLighting":false,"audioPlay":false,"sceneViewState":{"showFog":true,"showMaterialUpdate":false,"showSkybox":false,"showFlares":true,"showImageEffects":true,"showParticleSystems":true},"in2DMode":false,"pivot":{"x":-0.7687399387359619,"y":2.1767771244049074,"z":-17.089237213134767},"rotation":{"x":-0.021592214703559877,"y":-0.048899970948696139,"z":0.007410081569105387,"w":-0.9992207288742065},"size":0.2981188893318176,"orthographic":false}