{"cameraMode":{"drawMode":0,"name":"Shaded","section":"Shading Mode"},"sceneLighting":false,"audioPlay":false,"sceneViewState":{"showFog":true,"showMaterialUpdate":false,"showSkybox":true,"showFlares":true,"showImageEffects":true,"showParticleSystems":true},"in2DMode":false,"pivot":{"x":-6.201496124267578,"y":1.5153560638427735,"z":16.947019577026368},"rotation":{"x":-0.2599264979362488,"y":-0.610315203666687,"z":0.22441326081752778,"w":-0.7142806649208069},"size":12.490228652954102,"orthographic":false}