{"cameraMode":{"drawMode":0,"name":"Shaded","section":"Shading Mode"},"sceneLighting":true,"audioPlay":false,"sceneViewState":{"showFog":true,"showMaterialUpdate":false,"showSkybox":true,"showFlares":true,"showImageEffects":true,"showParticleSystems":true},"in2DMode":false,"pivot":{"x":5.7436370849609379,"y":4.540952205657959,"z":21.55677032470703},"rotation":{"x":0.11584316939115524,"y":0.0407295785844326,"z":-0.011604693718254567,"w":0.9929935932159424},"size":42.05870819091797,"orthographic":false}