{"cameraMode":{"drawMode":0,"name":"Shaded","section":"Shading Mode"},"sceneLighting":false,"audioPlay":false,"sceneViewState":{"showFog":true,"showMaterialUpdate":false,"showSkybox":true,"showFlares":true,"showImageEffects":true,"showParticleSystems":true},"in2DMode":false,"pivot":{"x":13.915777206420899,"y":5.335686683654785,"z":-25.257997512817384},"rotation":{"x":0.019393151625990869,"y":-0.9783626198768616,"z":0.17771287262439729,"w":0.1054014191031456},"size":23.912822723388673,"orthographic":false}