{"cameraMode":{"drawMode":0,"name":"Shaded","section":"Shading Mode"},"sceneLighting":true,"audioPlay":false,"sceneViewState":{"showFog":true,"showMaterialUpdate":false,"showSkybox":true,"showFlares":true,"showImageEffects":true,"showParticleSystems":true},"in2DMode":false,"pivot":{"x":0.5236472487449646,"y":2.311096429824829,"z":-17.057538986206056},"rotation":{"x":-0.16350123286247254,"y":-0.11161792278289795,"z":0.018621433526277543,"w":-0.9800355434417725},"size":3.493474245071411,"orthographic":false}