{"cameraMode":{"drawMode":0,"name":"Shaded","section":"Shading Mode"},"sceneLighting":true,"audioPlay":false,"sceneViewState":{"showFog":true,"showMaterialUpdate":false,"showSkybox":false,"showFlares":true,"showImageEffects":true,"showParticleSystems":true},"in2DMode":false,"pivot":{"x":-0.5198752880096436,"y":2.0151031017303469,"z":-17.47539710998535},"rotation":{"x":-0.13083341717720033,"y":-0.11098426580429077,"z":0.014603223651647568,"w":-0.9851832389831543},"size":0.5847355127334595,"orthographic":false}