{"cameraMode":{"drawMode":0,"name":"Shaded","section":"Shading Mode"},"sceneLighting":false,"audioPlay":false,"sceneViewState":{"showFog":true,"showMaterialUpdate":false,"showSkybox":true,"showFlares":true,"showImageEffects":true,"showParticleSystems":true},"in2DMode":false,"pivot":{"x":18.998231887817384,"y":15.505797386169434,"z":-19.604766845703126},"rotation":{"x":0.07676226645708084,"y":-0.815958559513092,"z":0.11167019605636597,"w":0.5621752738952637},"size":2.8785526752471926,"orthographic":false}