{"cameraMode":{"drawMode":0,"name":"Shaded","section":"Shading Mode"},"sceneLighting":false,"audioPlay":false,"sceneViewState":{"showFog":true,"showMaterialUpdate":false,"showSkybox":true,"showFlares":true,"showImageEffects":true,"showParticleSystems":true},"in2DMode":false,"pivot":{"x":19.884340286254884,"y":14.86269760131836,"z":-20.454153060913087},"rotation":{"x":0.33452144265174868,"y":-0.6148813366889954,"z":0.3230228126049042,"w":0.6370710134506226},"size":40.239097595214847,"orthographic":false}